0,Смайлики,&#128512;
1,Смайлики,&#128515;
2,Смайлики,&#128516;
3,Смайлики,&#128513;
4,Смайлики,&#128518;
5,Смайлики,&#128517;
6,Смайлики,&#129315;
7,Смайлики,&#128514;
8,Смайлики,&#128578;
9,Смайлики,&#128579;
10,Смайлики,&#128521;
11,Смайлики,&#128522;
12,Смайлики,&#128519;
13,Смайлики,&#129392;
14,Смайлики,&#128525;
15,Смайлики,&#129321;
16,Смайлики,&#128536;
17,Смайлики,&#128535;
18,Смайлики,&#9786;
19,Смайлики,&#128538;
20,Смайлики,&#128537;
21,Смайлики,&#128523;
22,Смайлики,&#128539;
23,Смайлики,&#128540;
24,Смайлики,&#129322;
25,Смайлики,&#128541;
26,Смайлики,&#129297;
27,Смайлики,&#129303;
28,Смайлики,&#129325;
29,Смайлики,&#129323;
30,Смайлики,&#129300;
31,Смайлики,&#129296;
32,Смайлики,&#129320;
33,Смайлики,&#128528;
34,Смайлики,&#128529;
35,Смайлики,&#128566;
36,Смайлики,&#128527;
37,Смайлики,&#128530;
38,Смайлики,&#128580;
39,Смайлики,&#128556;
40,Смайлики,&#129317;
41,Смайлики,&#128524;
42,Смайлики,&#128532;
43,Смайлики,&#128554;
44,Смайлики,&#129316;
45,Смайлики,&#128564;
46,Смайлики,&#128567;
47,Смайлики,&#129298;
48,Смайлики,&#129301;
49,Смайлики,&#129314;
50,Смайлики,&#129326;
51,Смайлики,&#129319;
52,Смайлики,&#129397;
53,Смайлики,&#129398;
54,Смайлики,&#129396;
55,Смайлики,&#128565;
56,Смайлики,&#129327;
57,Смайлики,&#129312;
58,Смайлики,&#129395;
59,Смайлики,&#128526;
60,Смайлики,&#129299;
61,Смайлики,&#129488;
62,Смайлики,&#128533;
63,Смайлики,&#128543;
64,Смайлики,&#128577;
65,Смайлики,&#9785;
66,Смайлики,&#128558;
67,Смайлики,&#128559;
68,Смайлики,&#128562;
69,Смайлики,&#128563;
70,Смайлики,&#129402;
71,Смайлики,&#128550;
72,Смайлики,&#128551;
73,Смайлики,&#128552;
74,Смайлики,&#128560;
75,Смайлики,&#128549;
76,Смайлики,&#128546;
77,Смайлики,&#128557;
78,Смайлики,&#128561;
79,Смайлики,&#128534;
80,Смайлики,&#128547;
81,Смайлики,&#128542;
82,Смайлики,&#128531;
83,Смайлики,&#128553;
84,Смайлики,&#128555;
85,Смайлики,&#128548;
86,Смайлики,&#128545;
87,Смайлики,&#128544;
88,Смайлики,&#129324;
89,Смайлики,&#128520;
90,Смайлики,&#128127;
91,Смайлики,&#128128;
92,Смайлики,&#9760;
93,Смайлики,&#128169;
94,Смайлики,&#129313;
95,Смайлики,&#128121;
96,Смайлики,&#128122;
97,Смайлики,&#128123;
98,Смайлики,&#128125;
99,Смайлики,&#128126;
100,Смайлики,&#129302;
101,Смайлики,&#128570;
102,Смайлики,&#128568;
103,Смайлики,&#128569;
104,Смайлики,&#128571;
105,Смайлики,&#128572;
106,Смайлики,&#128573;
107,Смайлики,&#128576;
108,Смайлики,&#128575;
109,Смайлики,&#128574;
110,Смайлики,&#128584;
111,Смайлики,&#128585;
112,Смайлики,&#128586;
0,Эмоции,&#128139;
1,Эмоции,&#128140;
2,Эмоции,&#128152;
3,Эмоции,&#128157;
4,Эмоции,&#128150;
5,Эмоции,&#128151;
6,Эмоции,&#128147;
7,Эмоции,&#128158;
8,Эмоции,&#128149;
9,Эмоции,&#128159;
10,Эмоции,&#10083;
11,Эмоции,&#128148;
12,Эмоции,&#10084;
13,Эмоции,&#129505;
14,Эмоции,&#128155;
15,Эмоции,&#128154;
16,Эмоции,&#128153;
17,Эмоции,&#128156;
18,Эмоции,&#128420;
19,Эмоции,&#128175;
20,Эмоции,&#128162;
21,Эмоции,&#128165;
22,Эмоции,&#128171;
23,Эмоции,&#128166;
24,Эмоции,&#128168;
25,Эмоции,&#128371;
26,Эмоции,&#128163;
27,Эмоции,&#128172;
28,Эмоции,&#128065;&#65039;&#8205;&#128488;&#65039;
29,Эмоции,&#128488;
30,Эмоции,&#128495;
31,Эмоции,&#128173;
32,Эмоции,&#128164;
0,Люди,&#128075;
1,Люди,&#129306;
2,Люди,&#128400;
3,Люди,&#9995;
4,Люди,&#128406;
5,Люди,&#128076;
7,Люди,&#9996;
9,Люди,&#129310;
11,Люди,&#129311;
13,Люди,&#129304;
15,Люди,&#129305;
17,Люди,&#128072;
19,Люди,&#128073;
21,Люди,&#128070;
23,Люди,&#128405;
25,Люди,&#128071;
27,Люди,&#9757;
29,Люди,&#128077;
31,Люди,&#128078;
33,Люди,&#9994;
35,Люди,&#128074;
37,Люди,&#129307;
39,Люди,&#129308;
41,Люди,&#128079;
43,Люди,&#128588;
45,Люди,&#128080;
47,Люди,&#129330;
49,Люди,&#129309;
51,Люди,&#128591;
53,Люди,&#9997;
55,Люди,&#128133;
57,Люди,&#129331;
59,Люди,&#128170;
61,Люди,&#129461;
63,Люди,&#129462;
65,Люди,&#128066;
67,Люди,&#128067;
69,Люди,&#129504;
71,Люди,&#129463;
73,Люди,&#129460;
75,Люди,&#128064;
77,Люди,&#128065;
79,Люди,&#128069;
81,Люди,&#128068;
83,Люди,&#128118;
85,Люди,&#129490;
87,Люди,&#128102;
89,Люди,&#128103;
91,Люди,&#129489;
93,Люди,&#128113;
95,Люди,&#128104;
97,Люди,&#128113;&#8205;&#9794;&#65039;
99,Люди,&#128104;&#8205;&#129456;
101,Люди,&#128104;&#8205;&#129457;
103,Люди,&#128104;&#8205;&#129459;
105,Люди,&#128104;&#8205;&#129458;
107,Люди,&#129492;
109,Люди,&#128105;
111,Люди,&#128113;&#8205;&#9792;&#65039;
113,Люди,&#128105;&#8205;&#129456;
115,Люди,&#128105;&#8205;&#129457;
117,Люди,&#128105;&#8205;&#129459;
119,Люди,&#128105;&#8205;&#129458;
121,Люди,&#129491;
123,Люди,&#128116;
125,Люди,&#128117;
127,Люди,&#128589;
129,Люди,&#128589;&#8205;&#9794;&#65039;
131,Люди,&#128589;&#8205;&#9792;&#65039;
133,Люди,&#128590;
135,Люди,&#128590;&#8205;&#9794;&#65039;
137,Люди,&#128590;&#8205;&#9792;&#65039;
139,Люди,&#128581;
141,Люди,&#128581;&#8205;&#9794;&#65039;
143,Люди,&#128581;&#8205;&#9792;&#65039;
145,Люди,&#128582;
147,Люди,&#128582;&#8205;&#9794;&#65039;
149,Люди,&#128582;&#8205;&#9792;&#65039;
151,Люди,&#128129;
153,Люди,&#128129;&#8205;&#9794;&#65039;
155,Люди,&#128129;&#8205;&#9792;&#65039;
157,Люди,&#128587;
159,Люди,&#128587;&#8205;&#9794;&#65039;
161,Люди,&#128587;&#8205;&#9792;&#65039;
163,Люди,&#128583;
165,Люди,&#128583;&#8205;&#9794;&#65039;
167,Люди,&#128583;&#8205;&#9792;&#65039;
169,Люди,&#129318;
171,Люди,&#129318;&#8205;&#9794;&#65039;
173,Люди,&#129318;&#8205;&#9792;&#65039;
175,Люди,&#129335;
177,Люди,&#129335;&#8205;&#9794;&#65039;
179,Люди,&#129335;&#8205;&#9792;&#65039;
181,Люди,&#128104;&#8205;&#9877;&#65039;
183,Люди,&#128105;&#8205;&#9877;&#65039;
185,Люди,&#128104;&#8205;&#127891;
187,Люди,&#128105;&#8205;&#127891;
189,Люди,&#128104;&#8205;&#127979;
191,Люди,&#128105;&#8205;&#127979;
193,Люди,&#128104;&#8205;&#9878;&#65039;
195,Люди,&#128105;&#8205;&#9878;&#65039;
197,Люди,&#128104;&#8205;&#127806;
199,Люди,&#128105;&#8205;&#127806;
201,Люди,&#128104;&#8205;&#127859;
203,Люди,&#128105;&#8205;&#127859;
205,Люди,&#128104;&#8205;&#128295;
207,Люди,&#128105;&#8205;&#128295;
209,Люди,&#128104;&#8205;&#127981;
211,Люди,&#128105;&#8205;&#127981;
213,Люди,&#128104;&#8205;&#128188;
215,Люди,&#128105;&#8205;&#128188;
217,Люди,&#128104;&#8205;&#128300;
219,Люди,&#128105;&#8205;&#128300;
221,Люди,&#128104;&#8205;&#128187;
223,Люди,&#128105;&#8205;&#128187;
225,Люди,&#128104;&#8205;&#127908;
227,Люди,&#128105;&#8205;&#127908;
229,Люди,&#128104;&#8205;&#127912;
231,Люди,&#128105;&#8205;&#127912;
233,Люди,&#128104;&#8205;&#9992;&#65039;
235,Люди,&#128105;&#8205;&#9992;&#65039;
237,Люди,&#128104;&#8205;&#128640;
239,Люди,&#128105;&#8205;&#128640;
241,Люди,&#128104;&#8205;&#128658;
243,Люди,&#128105;&#8205;&#128658;
245,Люди,&#128110;
247,Люди,&#128110;&#8205;&#9794;&#65039;
249,Люди,&#128110;&#8205;&#9792;&#65039;
251,Люди,&#128373;
253,Люди,&#128373;&#65039;&#8205;&#9794;&#65039;
255,Люди,&#128373;&#65039;&#8205;&#9792;&#65039;
257,Люди,&#128130;
259,Люди,&#128130;&#8205;&#9794;&#65039;
261,Люди,&#128130;&#8205;&#9792;&#65039;
263,Люди,&#128119;
265,Люди,&#128119;&#8205;&#9794;&#65039;
267,Люди,&#128119;&#8205;&#9792;&#65039;
269,Люди,&#129332;
271,Люди,&#128120;
273,Люди,&#128115;
275,Люди,&#128115;&#8205;&#9794;&#65039;
277,Люди,&#128115;&#8205;&#9792;&#65039;
279,Люди,&#128114;
281,Люди,&#129493;
283,Люди,&#129333;
285,Люди,&#128112;
287,Люди,&#129328;
289,Люди,&#129329;
291,Люди,&#128124;
293,Люди,&#127877;
295,Люди,&#129334;
297,Люди,&#129464;
299,Люди,&#129464;&#8205;&#9794;&#65039;
301,Люди,&#129464;&#8205;&#9792;&#65039;
303,Люди,&#129465;
305,Люди,&#129465;&#8205;&#9794;&#65039;
307,Люди,&#129465;&#8205;&#9792;&#65039;
309,Люди,&#129497;
311,Люди,&#129497;&#8205;&#9794;&#65039;
313,Люди,&#129497;&#8205;&#9792;&#65039;
315,Люди,&#129498;
317,Люди,&#129498;&#8205;&#9794;&#65039;
319,Люди,&#129498;&#8205;&#9792;&#65039;
321,Люди,&#129499;
323,Люди,&#129499;&#8205;&#9794;&#65039;
325,Люди,&#129499;&#8205;&#9792;&#65039;
327,Люди,&#129500;
329,Люди,&#129500;&#8205;&#9794;&#65039;
331,Люди,&#129500;&#8205;&#9792;&#65039;
333,Люди,&#129501;
335,Люди,&#129501;&#8205;&#9794;&#65039;
337,Люди,&#129501;&#8205;&#9792;&#65039;
339,Люди,&#129502;
341,Люди,&#129502;&#8205;&#9794;&#65039;
343,Люди,&#129502;&#8205;&#9792;&#65039;
345,Люди,&#129503;
347,Люди,&#129503;&#8205;&#9794;&#65039;
349,Люди,&#129503;&#8205;&#9792;&#65039;
351,Люди,&#128134;
353,Люди,&#128134;&#8205;&#9794;&#65039;
355,Люди,&#128134;&#8205;&#9792;&#65039;
357,Люди,&#128135;
359,Люди,&#128135;&#8205;&#9794;&#65039;
361,Люди,&#128135;&#8205;&#9792;&#65039;
363,Люди,&#128694;
365,Люди,&#128694;&#8205;&#9794;&#65039;
367,Люди,&#128694;&#8205;&#9792;&#65039;
369,Люди,&#127939;
371,Люди,&#127939;&#8205;&#9794;&#65039;
373,Люди,&#127939;&#8205;&#9792;&#65039;
375,Люди,&#128131;
377,Люди,&#128378;
379,Люди,&#128372;
381,Люди,&#128111;
383,Люди,&#128111;&#8205;&#9794;&#65039;
385,Люди,&#128111;&#8205;&#9792;&#65039;
387,Люди,&#129494;
389,Люди,&#129494;&#8205;&#9794;&#65039;
391,Люди,&#129494;&#8205;&#9792;&#65039;
393,Люди,&#129495;
395,Люди,&#129495;&#8205;&#9794;&#65039;
397,Люди,&#129495;&#8205;&#9792;&#65039;
399,Люди,&#129338;
401,Люди,&#127943;
403,Люди,&#9975;
405,Люди,&#127938;
407,Люди,&#127948;
409,Люди,&#127948;&#65039;&#8205;&#9794;&#65039;
411,Люди,&#127948;&#65039;&#8205;&#9792;&#65039;
413,Люди,&#127940;
415,Люди,&#127940;&#8205;&#9794;&#65039;
417,Люди,&#127940;&#8205;&#9792;&#65039;
419,Люди,&#128675;
421,Люди,&#128675;&#8205;&#9794;&#65039;
423,Люди,&#128675;&#8205;&#9792;&#65039;
425,Люди,&#127946;
427,Люди,&#127946;&#8205;&#9794;&#65039;
429,Люди,&#127946;&#8205;&#9792;&#65039;
431,Люди,&#9977;
433,Люди,&#9977;&#65039;&#8205;&#9794;&#65039;
435,Люди,&#9977;&#65039;&#8205;&#9792;&#65039;
437,Люди,&#127947;
439,Люди,&#127947;&#65039;&#8205;&#9794;&#65039;
441,Люди,&#127947;&#65039;&#8205;&#9792;&#65039;
443,Люди,&#128692;
445,Люди,&#128692;&#8205;&#9794;&#65039;
447,Люди,&#128692;&#8205;&#9792;&#65039;
449,Люди,&#128693;
451,Люди,&#128693;&#8205;&#9794;&#65039;
453,Люди,&#128693;&#8205;&#9792;&#65039;
455,Люди,&#129336;
457,Люди,&#129336;&#8205;&#9794;&#65039;
459,Люди,&#129336;&#8205;&#9792;&#65039;
461,Люди,&#129340;
463,Люди,&#129340;&#8205;&#9794;&#65039;
465,Люди,&#129340;&#8205;&#9792;&#65039;
467,Люди,&#129341;
469,Люди,&#129341;&#8205;&#9794;&#65039;
471,Люди,&#129341;&#8205;&#9792;&#65039;
473,Люди,&#129342;
475,Люди,&#129342;&#8205;&#9794;&#65039;
477,Люди,&#129342;&#8205;&#9792;&#65039;
479,Люди,&#129337;
481,Люди,&#129337;&#8205;&#9794;&#65039;
483,Люди,&#129337;&#8205;&#9792;&#65039;
485,Люди,&#129496;
487,Люди,&#129496;&#8205;&#9794;&#65039;
489,Люди,&#129496;&#8205;&#9792;&#65039;
491,Люди,&#128704;
493,Люди,&#128716;
495,Люди,&#128109;
497,Люди,&#128107;
499,Люди,&#128108;
501,Люди,&#128143;
503,Люди,&#128105;&#8205;&#10084;&#65039;&#8205;&#128139;&#8205;&#128104;
505,Люди,&#128104;&#8205;&#10084;&#65039;&#8205;&#128139;&#8205;&#128104;
507,Люди,&#128105;&#8205;&#10084;&#65039;&#8205;&#128139;&#8205;&#128105;
509,Люди,&#128145;
511,Люди,&#128105;&#8205;&#10084;&#65039;&#8205;&#128104;
513,Люди,&#128104;&#8205;&#10084;&#65039;&#8205;&#128104;
515,Люди,&#128105;&#8205;&#10084;&#65039;&#8205;&#128105;
517,Люди,&#128106;
519,Люди,&#128104;&#8205;&#128105;&#8205;&#128102;
521,Люди,&#128104;&#8205;&#128105;&#8205;&#128103;
523,Люди,&#128104;&#8205;&#128105;&#8205;&#128103;&#8205;&#128102;
525,Люди,&#128104;&#8205;&#128105;&#8205;&#128102;&#8205;&#128102;
527,Люди,&#128104;&#8205;&#128105;&#8205;&#128103;&#8205;&#128103;
529,Люди,&#128104;&#8205;&#128104;&#8205;&#128102;
531,Люди,&#128104;&#8205;&#128104;&#8205;&#128103;
533,Люди,&#128104;&#8205;&#128104;&#8205;&#128103;&#8205;&#128102;
535,Люди,&#128104;&#8205;&#128104;&#8205;&#128102;&#8205;&#128102;
537,Люди,&#128104;&#8205;&#128104;&#8205;&#128103;&#8205;&#128103;
539,Люди,&#128105;&#8205;&#128105;&#8205;&#128102;
541,Люди,&#128105;&#8205;&#128105;&#8205;&#128103;
543,Люди,&#128105;&#8205;&#128105;&#8205;&#128103;&#8205;&#128102;
545,Люди,&#128105;&#8205;&#128105;&#8205;&#128102;&#8205;&#128102;
547,Люди,&#128105;&#8205;&#128105;&#8205;&#128103;&#8205;&#128103;
549,Люди,&#128104;&#8205;&#128102;
551,Люди,&#128104;&#8205;&#128102;&#8205;&#128102;
553,Люди,&#128104;&#8205;&#128103;
555,Люди,&#128104;&#8205;&#128103;&#8205;&#128102;
557,Люди,&#128104;&#8205;&#128103;&#8205;&#128103;
559,Люди,&#128105;&#8205;&#128102;
561,Люди,&#128105;&#8205;&#128102;&#8205;&#128102;
563,Люди,&#128105;&#8205;&#128103;
565,Люди,&#128105;&#8205;&#128103;&#8205;&#128102;
567,Люди,&#128105;&#8205;&#128103;&#8205;&#128103;
569,Люди,&#128483;
571,Люди,&#128100;
0,Животные,&#128053;
2,Животные,&#128018;
4,Животные,&#129421;
6,Животные,&#128054;
8,Животные,&#128021;
10,Животные,&#128041;
12,Животные,&#128058;
14,Животные,&#129418;
16,Животные,&#129437;
18,Животные,&#128049;
20,Животные,&#128008;
22,Животные,&#129409;
24,Животные,&#128047;
26,Животные,&#128005;
28,Животные,&#128006;
30,Животные,&#128052;
32,Животные,&#128014;
34,Животные,&#129412;
36,Животные,&#129427;
38,Животные,&#129420;
40,Животные,&#128046;
42,Животные,&#128002;
44,Животные,&#128003;
46,Животные,&#128004;
48,Животные,&#128055;
50,Животные,&#128022;
52,Животные,&#128023;
54,Животные,&#128061;
56,Животные,&#128015;
58,Животные,&#128017;
60,Животные,&#128016;
62,Животные,&#128042;
64,Животные,&#128043;
66,Животные,&#129433;
68,Животные,&#129426;
70,Животные,&#128024;
72,Животные,&#129423;
74,Животные,&#129435;
76,Животные,&#128045;
78,Животные,&#128001;
80,Животные,&#128000;
82,Животные,&#128057;
84,Животные,&#128048;
86,Животные,&#128007;
88,Животные,&#128063;
90,Животные,&#129428;
92,Животные,&#129415;
94,Животные,&#128059;
96,Животные,&#128040;
98,Животные,&#128060;
100,Животные,&#129432;
102,Животные,&#129441;
104,Животные,&#128062;
106,Животные,&#129411;
108,Животные,&#128020;
110,Животные,&#128019;
112,Животные,&#128035;
114,Животные,&#128036;
116,Животные,&#128037;
118,Животные,&#128038;
120,Животные,&#128039;
122,Животные,&#128330;
124,Животные,&#129413;
126,Животные,&#129414;
128,Животные,&#129442;
130,Животные,&#129417;
132,Животные,&#129434;
134,Животные,&#129436;
136,Животные,&#128056;
138,Животные,&#128010;
140,Животные,&#128034;
142,Животные,&#129422;
144,Животные,&#128013;
146,Животные,&#128050;
148,Животные,&#128009;
150,Животные,&#129429;
152,Животные,&#129430;
154,Животные,&#128051;
156,Животные,&#128011;
158,Животные,&#128044;
160,Животные,&#128031;
162,Животные,&#128032;
164,Животные,&#128033;
166,Животные,&#129416;
168,Животные,&#128025;
170,Животные,&#128026;
172,Животные,&#128012;
174,Животные,&#129419;
176,Животные,&#128027;
178,Животные,&#128028;
180,Животные,&#128029;
182,Животные,&#128030;
184,Животные,&#129431;
186,Животные,&#128375;
188,Животные,&#128376;
190,Животные,&#129410;
192,Животные,&#129439;
194,Животные,&#129440;
0,Природа,&#128144;
2,Природа,&#127800;
4,Природа,&#128174;
6,Природа,&#127989;
8,Природа,&#127801;
10,Природа,&#129344;
12,Природа,&#127802;
14,Природа,&#127803;
16,Природа,&#127804;
18,Природа,&#127799;
20,Природа,&#127793;
22,Природа,&#127794;
24,Природа,&#127795;
26,Природа,&#127796;
28,Природа,&#127797;
30,Природа,&#127806;
32,Природа,&#127807;
34,Природа,&#9752;
36,Природа,&#127808;
38,Природа,&#127809;
40,Природа,&#127810;
42,Природа,&#127811;
0,Еда и напитки,&#127815;
2,Еда и напитки,&#127816;
4,Еда и напитки,&#127817;
6,Еда и напитки,&#127818;
8,Еда и напитки,&#127819;
10,Еда и напитки,&#127820;
12,Еда и напитки,&#127821;
14,Еда и напитки,&#129389;
16,Еда и напитки,&#127822;
18,Еда и напитки,&#127823;
20,Еда и напитки,&#127824;
22,Еда и напитки,&#127825;
24,Еда и напитки,&#127826;
26,Еда и напитки,&#127827;
28,Еда и напитки,&#129373;
30,Еда и напитки,&#127813;
32,Еда и напитки,&#129381;
34,Еда и напитки,&#129361;
36,Еда и напитки,&#127814;
38,Еда и напитки,&#129364;
40,Еда и напитки,&#129365;
42,Еда и напитки,&#127805;
44,Еда и напитки,&#127798;
46,Еда и напитки,&#129362;
48,Еда и напитки,&#129388;
50,Еда и напитки,&#129382;
52,Еда и напитки,&#127812;
54,Еда и напитки,&#129372;
56,Еда и напитки,&#127792;
58,Еда и напитки,&#127838;
60,Еда и напитки,&#129360;
62,Еда и напитки,&#129366;
64,Еда и напитки,&#129384;
66,Еда и напитки,&#129391;
68,Еда и напитки,&#129374;
70,Еда и напитки,&#129472;
72,Еда и напитки,&#127830;
74,Еда и напитки,&#127831;
76,Еда и напитки,&#129385;
78,Еда и напитки,&#129363;
80,Еда и напитки,&#127828;
82,Еда и напитки,&#127839;
84,Еда и напитки,&#127829;
86,Еда и напитки,&#127789;
88,Еда и напитки,&#129386;
90,Еда и напитки,&#127790;
92,Еда и напитки,&#127791;
94,Еда и напитки,&#129369;
96,Еда и напитки,&#129370;
98,Еда и напитки,&#127859;
100,Еда и напитки,&#129368;
102,Еда и напитки,&#127858;
104,Еда и напитки,&#129379;
106,Еда и напитки,&#129367;
108,Еда и напитки,&#127871;
110,Еда и напитки,&#129474;
112,Еда и напитки,&#129387;
114,Еда и напитки,&#127857;
116,Еда и напитки,&#127832;
118,Еда и напитки,&#127833;
120,Еда и напитки,&#127834;
122,Еда и напитки,&#127835;
124,Еда и напитки,&#127836;
126,Еда и напитки,&#127837;
128,Еда и напитки,&#127840;
130,Еда и напитки,&#127842;
132,Еда и напитки,&#127843;
134,Еда и напитки,&#127844;
136,Еда и напитки,&#127845;
138,Еда и напитки,&#129390;
140,Еда и напитки,&#127841;
142,Еда и напитки,&#129375;
144,Еда и напитки,&#129376;
146,Еда и напитки,&#129377;
148,Еда и напитки,&#129408;
150,Еда и напитки,&#129438;
152,Еда и напитки,&#129424;
154,Еда и напитки,&#129425;
156,Еда и напитки,&#127846;
158,Еда и напитки,&#127847;
160,Еда и напитки,&#127848;
162,Еда и напитки,&#127849;
164,Еда и напитки,&#127850;
166,Еда и напитки,&#127874;
168,Еда и напитки,&#127856;
170,Еда и напитки,&#129473;
172,Еда и напитки,&#129383;
174,Еда и напитки,&#127851;
176,Еда и напитки,&#127852;
178,Еда и напитки,&#127853;
180,Еда и напитки,&#127854;
182,Еда и напитки,&#127855;
184,Еда и напитки,&#127868;
186,Еда и напитки,&#129371;
188,Еда и напитки,&#9749;
190,Еда и напитки,&#127861;
192,Еда и напитки,&#127862;
194,Еда и напитки,&#127870;
196,Еда и напитки,&#127863;
198,Еда и напитки,&#127864;
200,Еда и напитки,&#127865;
202,Еда и напитки,&#127866;
204,Еда и напитки,&#127867;
206,Еда и напитки,&#129346;
208,Еда и напитки,&#129347;
210,Еда и напитки,&#129380;
212,Еда и напитки,&#129378;
214,Еда и напитки,&#127869;
216,Еда и напитки,&#127860;
218,Еда и напитки,&#129348;
220,Еда и напитки,&#128298;
222,Еда и напитки,&#127994;
0,Места и путешествия,&#127757;
2,Места и путешествия,&#127758;
4,Места и путешествия,&#127759;
6,Места и путешествия,&#127760;
8,Места и путешествия,&#128506;
10,Места и путешествия,&#128510;
12,Места и путешествия,&#129517;
14,Места и путешествия,&#127956;
16,Места и путешествия,&#9968;
18,Места и путешествия,&#127755;
20,Места и путешествия,&#128507;
22,Места и путешествия,&#127957;
24,Места и путешествия,&#127958;
26,Места и путешествия,&#127964;
28,Места и путешествия,&#127965;
30,Места и путешествия,&#127966;
32,Места и путешествия,&#127967;
34,Места и путешествия,&#127963;
36,Места и путешествия,&#127959;
38,Места и путешествия,&#129521;
40,Места и путешествия,&#127960;
42,Места и путешествия,&#127962;
44,Места и путешествия,&#127968;
46,Места и путешествия,&#127969;
48,Места и путешествия,&#127970;
50,Места и путешествия,&#127971;
52,Места и путешествия,&#127972;
54,Места и путешествия,&#127973;
56,Места и путешествия,&#127974;
58,Места и путешествия,&#127976;
60,Места и путешествия,&#127977;
62,Места и путешествия,&#127978;
64,Места и путешествия,&#127979;
66,Места и путешествия,&#127980;
68,Места и путешествия,&#127981;
70,Места и путешествия,&#127983;
72,Места и путешествия,&#127984;
74,Места и путешествия,&#128146;
76,Места и путешествия,&#128508;
78,Места и путешествия,&#128509;
80,Места и путешествия,&#9962;
82,Места и путешествия,&#128332;
84,Места и путешествия,&#128333;
86,Места и путешествия,&#9961;
88,Места и путешествия,&#128331;
90,Места и путешествия,&#9970;
92,Места и путешествия,&#9978;
94,Места и путешествия,&#127745;
96,Места и путешествия,&#127747;
98,Места и путешествия,&#127961;
100,Места и путешествия,&#127748;
102,Места и путешествия,&#127749;
104,Места и путешествия,&#127750;
106,Места и путешествия,&#127751;
108,Места и путешествия,&#127753;
110,Места и путешествия,&#9832;
112,Места и путешествия,&#127756;
114,Места и путешествия,&#127904;
116,Места и путешествия,&#127905;
118,Места и путешествия,&#127906;
120,Места и путешествия,&#128136;
122,Места и путешествия,&#127914;
124,Места и путешествия,&#128642;
126,Места и путешествия,&#128643;
128,Места и путешествия,&#128644;
130,Места и путешествия,&#128645;
132,Места и путешествия,&#128646;
134,Места и путешествия,&#128647;
136,Места и путешествия,&#128648;
138,Места и путешествия,&#128649;
140,Места и путешествия,&#128650;
142,Места и путешествия,&#128669;
144,Места и путешествия,&#128670;
146,Места и путешествия,&#128651;
148,Места и путешествия,&#128652;
150,Места и путешествия,&#128653;
152,Места и путешествия,&#128654;
154,Места и путешествия,&#128656;
156,Места и путешествия,&#128657;
158,Места и путешествия,&#128658;
160,Места и путешествия,&#128659;
162,Места и путешествия,&#128660;
164,Места и путешествия,&#128661;
166,Места и путешествия,&#128662;
168,Места и путешествия,&#128663;
170,Места и путешествия,&#128664;
172,Места и путешествия,&#128665;
174,Места и путешествия,&#128666;
176,Места и путешествия,&#128667;
178,Места и путешествия,&#128668;
180,Места и путешествия,&#127950;
182,Места и путешествия,&#127949;
184,Места и путешествия,&#128757;
186,Места и путешествия,&#128690;
188,Места и путешествия,&#128756;
190,Места и путешествия,&#128761;
192,Места и путешествия,&#128655;
194,Места и путешествия,&#128739;
196,Места и путешествия,&#128740;
198,Места и путешествия,&#128738;
200,Места и путешествия,&#9981;
202,Места и путешествия,&#128680;
204,Места и путешествия,&#128677;
206,Места и путешествия,&#128678;
208,Места и путешествия,&#128721;
210,Места и путешествия,&#128679;
212,Места и путешествия,&#9875;
214,Места и путешествия,&#9973;
216,Места и путешествия,&#128758;
218,Места и путешествия,&#128676;
220,Места и путешествия,&#128755;
222,Места и путешествия,&#9972;
224,Места и путешествия,&#128741;
226,Места и путешествия,&#128674;
228,Места и путешествия,&#9992;
230,Места и путешествия,&#128745;
232,Места и путешествия,&#128747;
234,Места и путешествия,&#128748;
236,Места и путешествия,&#128186;
238,Места и путешествия,&#128641;
240,Места и путешествия,&#128671;
242,Места и путешествия,&#128672;
244,Места и путешествия,&#128673;
246,Места и путешествия,&#128752;
248,Места и путешествия,&#128640;
250,Места и путешествия,&#128760;
252,Места и путешествия,&#128718;
254,Места и путешествия,&#129523;
256,Места и путешествия,&#8987;
258,Места и путешествия,&#9203;
260,Места и путешествия,&#8986;
262,Места и путешествия,&#9200;
264,Места и путешествия,&#9201;
266,Места и путешествия,&#9202;
268,Места и путешествия,&#128368;
270,Места и путешествия,&#128347;
272,Места и путешествия,&#128359;
274,Места и путешествия,&#128336;
276,Места и путешествия,&#128348;
278,Места и путешествия,&#128337;
280,Места и путешествия,&#128349;
282,Места и путешествия,&#128338;
284,Места и путешествия,&#128350;
286,Места и путешествия,&#128339;
288,Места и путешествия,&#128351;
290,Места и путешествия,&#128340;
292,Места и путешествия,&#128352;
294,Места и путешествия,&#128341;
296,Места и путешествия,&#128353;
298,Места и путешествия,&#128342;
300,Места и путешествия,&#128354;
302,Места и путешествия,&#128343;
304,Места и путешествия,&#128355;
306,Места и путешествия,&#128344;
308,Места и путешествия,&#128356;
310,Места и путешествия,&#128345;
312,Места и путешествия,&#128357;
314,Места и путешествия,&#128346;
316,Места и путешествия,&#128358;
318,Места и путешествия,&#127761;
320,Места и путешествия,&#127762;
322,Места и путешествия,&#127763;
324,Места и путешествия,&#127764;
326,Места и путешествия,&#127765;
328,Места и путешествия,&#127766;
330,Места и путешествия,&#127767;
332,Места и путешествия,&#127768;
334,Места и путешествия,&#127769;
336,Места и путешествия,&#127770;
338,Места и путешествия,&#127771;
340,Места и путешествия,&#127772;
342,Места и путешествия,&#127777;
344,Места и путешествия,&#9728;
346,Места и путешествия,&#127773;
348,Места и путешествия,&#127774;
350,Места и путешествия,&#11088;
352,Места и путешествия,&#127775;
354,Места и путешествия,&#127776;
356,Места и путешествия,&#9729;
358,Места и путешествия,&#9925;
360,Места и путешествия,&#9928;
362,Места и путешествия,&#127780;
364,Места и путешествия,&#127781;
366,Места и путешествия,&#127782;
368,Места и путешествия,&#127783;
370,Места и путешествия,&#127784;
372,Места и путешествия,&#127785;
374,Места и путешествия,&#127786;
376,Места и путешествия,&#127787;
378,Места и путешествия,&#127788;
380,Места и путешествия,&#127744;
382,Места и путешествия,&#127752;
384,Места и путешествия,&#127746;
386,Места и путешествия,&#9730;
388,Места и путешествия,&#9748;
390,Места и путешествия,&#9969;
392,Места и путешествия,&#9889;
394,Места и путешествия,&#10052;
396,Места и путешествия,&#9731;
398,Места и путешествия,&#9924;
400,Места и путешествия,&#9732;
402,Места и путешествия,&#128293;
404,Места и путешествия,&#128167;
406,Места и путешествия,&#127754;
0,Мероприятия и праздники,&#127875;
2,Мероприятия и праздники,&#127876;
4,Мероприятия и праздники,&#127878;
6,Мероприятия и праздники,&#127879;
8,Мероприятия и праздники,&#129512;
10,Мероприятия и праздники,&#10024;
12,Мероприятия и праздники,&#127880;
14,Мероприятия и праздники,&#127881;
16,Мероприятия и праздники,&#127882;
18,Мероприятия и праздники,&#127883;
20,Мероприятия и праздники,&#127885;
22,Мероприятия и праздники,&#127886;
24,Мероприятия и праздники,&#127887;
26,Мероприятия и праздники,&#127888;
28,Мероприятия и праздники,&#127889;
30,Мероприятия и праздники,&#129511;
32,Мероприятия и праздники,&#127872;
34,Мероприятия и праздники,&#127873;
36,Мероприятия и праздники,&#127895;
38,Мероприятия и праздники,&#127903;
40,Мероприятия и праздники,&#127915;
42,Мероприятия и праздники,&#127894;
44,Мероприятия и праздники,&#127942;
46,Мероприятия и праздники,&#127941;
48,Мероприятия и праздники,&#129351;
50,Мероприятия и праздники,&#129352;
52,Мероприятия и праздники,&#129353;
54,Мероприятия и праздники,&#9917;
56,Мероприятия и праздники,&#9918;
58,Мероприятия и праздники,&#129358;
60,Мероприятия и праздники,&#127936;
62,Мероприятия и праздники,&#127952;
64,Мероприятия и праздники,&#127944;
66,Мероприятия и праздники,&#127945;
68,Мероприятия и праздники,&#127934;
70,Мероприятия и праздники,&#129359;
72,Мероприятия и праздники,&#127923;
74,Мероприятия и праздники,&#127951;
76,Мероприятия и праздники,&#127953;
78,Мероприятия и праздники,&#127954;
80,Мероприятия и праздники,&#129357;
82,Мероприятия и праздники,&#127955;
84,Мероприятия и праздники,&#127992;
86,Мероприятия и праздники,&#129354;
88,Мероприятия и праздники,&#129355;
90,Мероприятия и праздники,&#129349;
92,Мероприятия и праздники,&#9971;
94,Мероприятия и праздники,&#9976;
96,Мероприятия и праздники,&#127907;
98,Мероприятия и праздники,&#127933;
100,Мероприятия и праздники,&#127935;
102,Мероприятия и праздники,&#128759;
104,Мероприятия и праздники,&#129356;
106,Мероприятия и праздники,&#127919;
108,Мероприятия и праздники,&#127921;
110,Мероприятия и праздники,&#128302;
112,Мероприятия и праздники,&#129535;
114,Мероприятия и праздники,&#127918;
116,Мероприятия и праздники,&#128377;
118,Мероприятия и праздники,&#127920;
120,Мероприятия и праздники,&#127922;
122,Мероприятия и праздники,&#129513;
124,Мероприятия и праздники,&#129528;
126,Мероприятия и праздники,&#9824;
128,Мероприятия и праздники,&#9829;
130,Мероприятия и праздники,&#9830;
132,Мероприятия и праздники,&#9827;
134,Мероприятия и праздники,&#9823;
136,Мероприятия и праздники,&#127183;
138,Мероприятия и праздники,&#126980;
140,Мероприятия и праздники,&#127924;
142,Мероприятия и праздники,&#127917;
144,Мероприятия и праздники,&#128444;
146,Мероприятия и праздники,&#127912;
148,Мероприятия и праздники,&#129525;
150,Мероприятия и праздники,&#129526;
0,Объекты и вещи,&#128083;
2,Объекты и вещи,&#128374;
4,Объекты и вещи,&#129405;
6,Объекты и вещи,&#129404;
8,Объекты и вещи,&#128084;
10,Объекты и вещи,&#128085;
12,Объекты и вещи,&#128086;
14,Объекты и вещи,&#129507;
16,Объекты и вещи,&#129508;
18,Объекты и вещи,&#129509;
20,Объекты и вещи,&#129510;
22,Объекты и вещи,&#128087;
24,Объекты и вещи,&#128088;
26,Объекты и вещи,&#128089;
28,Объекты и вещи,&#128090;
30,Объекты и вещи,&#128091;
32,Объекты и вещи,&#128092;
34,Объекты и вещи,&#128093;
36,Объекты и вещи,&#128717;
38,Объекты и вещи,&#127890;
40,Объекты и вещи,&#128094;
42,Объекты и вещи,&#128095;
44,Объекты и вещи,&#129406;
46,Объекты и вещи,&#129407;
48,Объекты и вещи,&#128096;
50,Объекты и вещи,&#128097;
52,Объекты и вещи,&#128098;
54,Объекты и вещи,&#128081;
56,Объекты и вещи,&#128082;
58,Объекты и вещи,&#127913;
60,Объекты и вещи,&#127891;
62,Объекты и вещи,&#129506;
64,Объекты и вещи,&#9937;
66,Объекты и вещи,&#128255;
68,Объекты и вещи,&#128132;
70,Объекты и вещи,&#128141;
72,Объекты и вещи,&#128142;
74,Объекты и вещи,&#128263;
76,Объекты и вещи,&#128264;
78,Объекты и вещи,&#128265;
80,Объекты и вещи,&#128266;
82,Объекты и вещи,&#128226;
84,Объекты и вещи,&#128227;
86,Объекты и вещи,&#128239;
88,Объекты и вещи,&#128276;
90,Объекты и вещи,&#128277;
92,Объекты и вещи,&#127932;
94,Объекты и вещи,&#127925;
96,Объекты и вещи,&#127926;
98,Объекты и вещи,&#127897;
100,Объекты и вещи,&#127898;
102,Объекты и вещи,&#127899;
104,Объекты и вещи,&#127908;
106,Объекты и вещи,&#127911;
108,Объекты и вещи,&#128251;
110,Объекты и вещи,&#127927;
112,Объекты и вещи,&#127928;
114,Объекты и вещи,&#127929;
116,Объекты и вещи,&#127930;
118,Объекты и вещи,&#127931;
120,Объекты и вещи,&#129345;
122,Объекты и вещи,&#128241;
124,Объекты и вещи,&#128242;
126,Объекты и вещи,&#9742;
128,Объекты и вещи,&#128222;
130,Объекты и вещи,&#128223;
132,Объекты и вещи,&#128224;
134,Объекты и вещи,&#128267;
136,Объекты и вещи,&#128268;
138,Объекты и вещи,&#128187;
140,Объекты и вещи,&#128421;
142,Объекты и вещи,&#128424;
144,Объекты и вещи,&#9000;
146,Объекты и вещи,&#128433;
148,Объекты и вещи,&#128434;
150,Объекты и вещи,&#128189;
152,Объекты и вещи,&#128190;
154,Объекты и вещи,&#128191;
156,Объекты и вещи,&#128192;
158,Объекты и вещи,&#129518;
160,Объекты и вещи,&#127909;
162,Объекты и вещи,&#127902;
164,Объекты и вещи,&#128253;
166,Объекты и вещи,&#127916;
168,Объекты и вещи,&#128250;
170,Объекты и вещи,&#128247;
172,Объекты и вещи,&#128248;
174,Объекты и вещи,&#128249;
176,Объекты и вещи,&#128252;
178,Объекты и вещи,&#128269;
180,Объекты и вещи,&#128270;
182,Объекты и вещи,&#128367;
184,Объекты и вещи,&#128161;
186,Объекты и вещи,&#128294;
188,Объекты и вещи,&#127982;
190,Объекты и вещи,&#128212;
192,Объекты и вещи,&#128213;
194,Объекты и вещи,&#128214;
196,Объекты и вещи,&#128215;
198,Объекты и вещи,&#128216;
200,Объекты и вещи,&#128217;
202,Объекты и вещи,&#128218;
204,Объекты и вещи,&#128211;
206,Объекты и вещи,&#128210;
208,Объекты и вещи,&#128195;
210,Объекты и вещи,&#128220;
212,Объекты и вещи,&#128196;
214,Объекты и вещи,&#128240;
216,Объекты и вещи,&#128478;
218,Объекты и вещи,&#128209;
220,Объекты и вещи,&#128278;
222,Объекты и вещи,&#127991;
224,Объекты и вещи,&#128176;
226,Объекты и вещи,&#128180;
228,Объекты и вещи,&#128181;
230,Объекты и вещи,&#128182;
232,Объекты и вещи,&#128183;
234,Объекты и вещи,&#128184;
236,Объекты и вещи,&#128179;
238,Объекты и вещи,&#129534;
240,Объекты и вещи,&#128185;
242,Объекты и вещи,&#128177;
244,Объекты и вещи,&#128178;
246,Объекты и вещи,&#9993;
248,Объекты и вещи,&#128231;
250,Объекты и вещи,&#128232;
252,Объекты и вещи,&#128233;
254,Объекты и вещи,&#128228;
256,Объекты и вещи,&#128229;
258,Объекты и вещи,&#128230;
260,Объекты и вещи,&#128235;
262,Объекты и вещи,&#128234;
264,Объекты и вещи,&#128236;
266,Объекты и вещи,&#128237;
268,Объекты и вещи,&#128238;
270,Объекты и вещи,&#128499;
272,Объекты и вещи,&#9999;
274,Объекты и вещи,&#10002;
276,Объекты и вещи,&#128395;
278,Объекты и вещи,&#128394;
280,Объекты и вещи,&#128396;
282,Объекты и вещи,&#128397;
284,Объекты и вещи,&#128221;
286,Объекты и вещи,&#128188;
288,Объекты и вещи,&#128193;
290,Объекты и вещи,&#128194;
292,Объекты и вещи,&#128450;
294,Объекты и вещи,&#128197;
296,Объекты и вещи,&#128198;
298,Объекты и вещи,&#128466;
300,Объекты и вещи,&#128467;
302,Объекты и вещи,&#128199;
304,Объекты и вещи,&#128200;
306,Объекты и вещи,&#128201;
308,Объекты и вещи,&#128202;
310,Объекты и вещи,&#128203;
312,Объекты и вещи,&#128204;
314,Объекты и вещи,&#128205;
316,Объекты и вещи,&#128206;
318,Объекты и вещи,&#128391;
320,Объекты и вещи,&#128207;
322,Объекты и вещи,&#128208;
324,Объекты и вещи,&#9986;
326,Объекты и вещи,&#128451;
328,Объекты и вещи,&#128452;
330,Объекты и вещи,&#128465;
332,Объекты и вещи,&#128274;
334,Объекты и вещи,&#128275;
336,Объекты и вещи,&#128271;
338,Объекты и вещи,&#128272;
340,Объекты и вещи,&#128273;
342,Объекты и вещи,&#128477;
344,Объекты и вещи,&#128296;
346,Объекты и вещи,&#9935;
348,Объекты и вещи,&#9874;
350,Объекты и вещи,&#128736;
352,Объекты и вещи,&#128481;
354,Объекты и вещи,&#9876;
356,Объекты и вещи,&#128299;
358,Объекты и вещи,&#127993;
360,Объекты и вещи,&#128737;
362,Объекты и вещи,&#128295;
364,Объекты и вещи,&#128297;
366,Объекты и вещи,&#9881;
368,Объекты и вещи,&#128476;
370,Объекты и вещи,&#9878;
372,Объекты и вещи,&#128279;
374,Объекты и вещи,&#9939;
376,Объекты и вещи,&#129520;
378,Объекты и вещи,&#129522;
380,Объекты и вещи,&#9879;
382,Объекты и вещи,&#129514;
384,Объекты и вещи,&#129515;
386,Объекты и вещи,&#129516;
388,Объекты и вещи,&#128300;
390,Объекты и вещи,&#128301;
392,Объекты и вещи,&#128225;
394,Объекты и вещи,&#128137;
396,Объекты и вещи,&#128138;
398,Объекты и вещи,&#128682;
400,Объекты и вещи,&#128719;
402,Объекты и вещи,&#128715;
404,Объекты и вещи,&#128701;
406,Объекты и вещи,&#128703;
408,Объекты и вещи,&#128705;
410,Объекты и вещи,&#129524;
412,Объекты и вещи,&#129527;
414,Объекты и вещи,&#129529;
416,Объекты и вещи,&#129530;
418,Объекты и вещи,&#129531;
420,Объекты и вещи,&#129532;
422,Объекты и вещи,&#129533;
424,Объекты и вещи,&#129519;
426,Объекты и вещи,&#128722;
428,Объекты и вещи,&#128684;
430,Объекты и вещи,&#9904;
432,Объекты и вещи,&#9905;
434,Объекты и вещи,&#128511;
0,Символы,&#127975;
2,Символы,&#128686;
4,Символы,&#128688;
6,Символы,&#9855;
8,Символы,&#128697;
10,Символы,&#128698;
12,Символы,&#128699;
14,Символы,&#128700;
16,Символы,&#128702;
18,Символы,&#128706;
20,Символы,&#128707;
22,Символы,&#128708;
24,Символы,&#128709;
26,Символы,&#9888;
28,Символы,&#128696;
30,Символы,&#9940;
32,Символы,&#128683;
34,Символы,&#128691;
36,Символы,&#128685;
38,Символы,&#128687;
40,Символы,&#128689;
42,Символы,&#128695;
44,Символы,&#128245;
46,Символы,&#128286;
48,Символы,&#9762;
50,Символы,&#9763;
52,Символы,&#11014;
54,Символы,&#8599;
56,Символы,&#10145;
58,Символы,&#8600;
60,Символы,&#11015;
62,Символы,&#8601;
64,Символы,&#11013;
66,Символы,&#8598;
68,Символы,&#8597;
70,Символы,&#8596;
72,Символы,&#8617;
74,Символы,&#8618;
76,Символы,&#10548;
78,Символы,&#10549;
80,Символы,&#128259;
82,Символы,&#128260;
84,Символы,&#128281;
86,Символы,&#128282;
88,Символы,&#128283;
90,Символы,&#128284;
92,Символы,&#128285;
94,Символы,&#128720;
96,Символы,&#9883;
98,Символы,&#128329;
100,Символы,&#10017;
102,Символы,&#9784;
104,Символы,&#9775;
106,Символы,&#10013;
108,Символы,&#9766;
110,Символы,&#9770;
112,Символы,&#9774;
114,Символы,&#128334;
116,Символы,&#128303;
118,Символы,&#9800;
120,Символы,&#9801;
122,Символы,&#9802;
124,Символы,&#9803;
126,Символы,&#9804;
128,Символы,&#9805;
130,Символы,&#9806;
132,Символы,&#9807;
134,Символы,&#9808;
136,Символы,&#9809;
138,Символы,&#9810;
140,Символы,&#9811;
142,Символы,&#9934;
144,Символы,&#128256;
146,Символы,&#128257;
148,Символы,&#128258;
150,Символы,&#9654;
152,Символы,&#9193;
154,Символы,&#9197;
156,Символы,&#9199;
158,Символы,&#9664;
160,Символы,&#9194;
162,Символы,&#9198;
164,Символы,&#128316;
166,Символы,&#9195;
168,Символы,&#128317;
170,Символы,&#9196;
172,Символы,&#9208;
174,Символы,&#9209;
176,Символы,&#9210;
178,Символы,&#9167;
180,Символы,&#127910;
182,Символы,&#128261;
184,Символы,&#128262;
186,Символы,&#128246;
188,Символы,&#128243;
190,Символы,&#128244;
192,Символы,&#9792;
194,Символы,&#9794;
196,Символы,&#9877;
198,Символы,&#9854;
200,Символы,&#9851;
202,Символы,&#9884;
204,Символы,&#128305;
206,Символы,&#128219;
208,Символы,&#128304;
210,Символы,&#11093;
212,Символы,&#9989;
214,Символы,&#9745;
216,Символы,&#10004;
218,Символы,&#10006;
220,Символы,&#10060;
222,Символы,&#10062;
224,Символы,&#10133;
226,Символы,&#10134;
228,Символы,&#10135;
230,Символы,&#10160;
232,Символы,&#10175;
234,Символы,&#12349;
236,Символы,&#10035;
238,Символы,&#10036;
240,Символы,&#10055;
242,Символы,&#8252;
244,Символы,&#8265;
246,Символы,&#10067;
248,Символы,&#10068;
250,Символы,&#10069;
252,Символы,&#10071;
254,Символы,&#12336;
256,Символы,&#169;
258,Символы,&#174;
260,Символы,&#8482;
262,Символы,&#35;&#65039;&#8419;
264,Символы,&#42;&#65039;&#8419;
266,Символы,&#48;&#65039;&#8419;
268,Символы,&#49;&#65039;&#8419;
270,Символы,&#50;&#65039;&#8419;
272,Символы,&#51;&#65039;&#8419;
274,Символы,&#52;&#65039;&#8419;
276,Символы,&#53;&#65039;&#8419;
278,Символы,&#54;&#65039;&#8419;
280,Символы,&#55;&#65039;&#8419;
282,Символы,&#56;&#65039;&#8419;
284,Символы,&#57;&#65039;&#8419;
286,Символы,&#128287;
288,Символы,&#128288;
290,Символы,&#128289;
292,Символы,&#128290;
294,Символы,&#128291;
296,Символы,&#128292;
298,Символы,&#127344;
300,Символы,&#127374;
302,Символы,&#127345;
304,Символы,&#127377;
306,Символы,&#127378;
308,Символы,&#127379;
310,Символы,&#8505;
312,Символы,&#127380;
314,Символы,&#9410;
316,Символы,&#127381;
318,Символы,&#127382;
320,Символы,&#127358;
322,Символы,&#127383;
324,Символы,&#127359;
326,Символы,&#127384;
328,Символы,&#127385;
330,Символы,&#127386;
332,Символы,&#127489;
334,Символы,&#127490;
336,Символы,&#127543;
338,Символы,&#127542;
340,Символы,&#127535;
342,Символы,&#127568;
344,Символы,&#127545;
346,Символы,&#127514;
348,Символы,&#127538;
350,Символы,&#127569;
352,Символы,&#127544;
354,Символы,&#127540;
356,Символы,&#127539;
358,Символы,&#12951;
360,Символы,&#12953;
362,Символы,&#127546;
364,Символы,&#127541;
366,Символы,&#128308;
368,Символы,&#128309;
370,Символы,&#9898;
372,Символы,&#9899;
374,Символы,&#11036;
376,Символы,&#11035;
378,Символы,&#9724;
380,Символы,&#9723;
382,Символы,&#9725;
384,Символы,&#9726;
386,Символы,&#9643;
388,Символы,&#9642;
390,Символы,&#128310;
392,Символы,&#128311;
394,Символы,&#128312;
396,Символы,&#128313;
398,Символы,&#128314;
400,Символы,&#128315;
402,Символы,&#128160;
404,Символы,&#128280;
406,Символы,&#128306;
408,Символы,&#128307;
0,Флаги,&#127937;
2,Флаги,&#128681;
4,Флаги,&#127884;
6,Флаги,&#127988;
8,Флаги,&#127987;
10,Флаги,&#127987;&#65039;&#8205;&#127752;
12,Флаги,&#127988;&#8205;&#9760;&#65039;
14,Флаги,&#127462;&#127464;
16,Флаги,&#127462;&#127465;
18,Флаги,&#127462;&#127466;
20,Флаги,&#127462;&#127467;
22,Флаги,&#127462;&#127468;
24,Флаги,&#127462;&#127470;
26,Флаги,&#127462;&#127473;
28,Флаги,&#127462;&#127474;
30,Флаги,&#127462;&#127476;
32,Флаги,&#127462;&#127478;
34,Флаги,&#127462;&#127479;
36,Флаги,&#127462;&#127480;
38,Флаги,&#127462;&#127481;
40,Флаги,&#127462;&#127482;
42,Флаги,&#127462;&#127484;
44,Флаги,&#127462;&#127485;
46,Флаги,&#127462;&#127487;
48,Флаги,&#127463;&#127462;
50,Флаги,&#127463;&#127463;
52,Флаги,&#127463;&#127465;
54,Флаги,&#127463;&#127466;
56,Флаги,&#127463;&#127467;
58,Флаги,&#127463;&#127468;
60,Флаги,&#127463;&#127469;
62,Флаги,&#127463;&#127470;
64,Флаги,&#127463;&#127471;
66,Флаги,&#127463;&#127473;
68,Флаги,&#127463;&#127474;
70,Флаги,&#127463;&#127475;
72,Флаги,&#127463;&#127476;
74,Флаги,&#127463;&#127478;
76,Флаги,&#127463;&#127479;
78,Флаги,&#127463;&#127480;
80,Флаги,&#127463;&#127481;
82,Флаги,&#127463;&#127483;
84,Флаги,&#127463;&#127484;
86,Флаги,&#127463;&#127486;
88,Флаги,&#127463;&#127487;
90,Флаги,&#127464;&#127462;
92,Флаги,&#127464;&#127464;
94,Флаги,&#127464;&#127465;
96,Флаги,&#127464;&#127467;
98,Флаги,&#127464;&#127468;
100,Флаги,&#127464;&#127469;
102,Флаги,&#127464;&#127470;
104,Флаги,&#127464;&#127472;
106,Флаги,&#127464;&#127473;
108,Флаги,&#127464;&#127474;
110,Флаги,&#127464;&#127475;
112,Флаги,&#127464;&#127476;
114,Флаги,&#127464;&#127477;
116,Флаги,&#127464;&#127479;
118,Флаги,&#127464;&#127482;
120,Флаги,&#127464;&#127483;
122,Флаги,&#127464;&#127484;
124,Флаги,&#127464;&#127485;
126,Флаги,&#127464;&#127486;
128,Флаги,&#127464;&#127487;
130,Флаги,&#127465;&#127466;
132,Флаги,&#127465;&#127468;
134,Флаги,&#127465;&#127471;
136,Флаги,&#127465;&#127472;
138,Флаги,&#127465;&#127474;
140,Флаги,&#127465;&#127476;
142,Флаги,&#127465;&#127487;
144,Флаги,&#127466;&#127462;
146,Флаги,&#127466;&#127464;
148,Флаги,&#127466;&#127466;
150,Флаги,&#127466;&#127468;
152,Флаги,&#127466;&#127469;
154,Флаги,&#127466;&#127479;
156,Флаги,&#127466;&#127480;
158,Флаги,&#127466;&#127481;
160,Флаги,&#127466;&#127482;
162,Флаги,&#127467;&#127470;
164,Флаги,&#127467;&#127471;
166,Флаги,&#127467;&#127472;
168,Флаги,&#127467;&#127474;
170,Флаги,&#127467;&#127476;
172,Флаги,&#127467;&#127479;
174,Флаги,&#127468;&#127462;
176,Флаги,&#127468;&#127463;
178,Флаги,&#127468;&#127465;
180,Флаги,&#127468;&#127466;
182,Флаги,&#127468;&#127467;
184,Флаги,&#127468;&#127468;
186,Флаги,&#127468;&#127469;
188,Флаги,&#127468;&#127470;
190,Флаги,&#127468;&#127473;
192,Флаги,&#127468;&#127474;
194,Флаги,&#127468;&#127475;
196,Флаги,&#127468;&#127477;
198,Флаги,&#127468;&#127478;
200,Флаги,&#127468;&#127479;
202,Флаги,&#127468;&#127480;
204,Флаги,&#127468;&#127481;
206,Флаги,&#127468;&#127482;
208,Флаги,&#127468;&#127484;
210,Флаги,&#127468;&#127486;
212,Флаги,&#127469;&#127472;
214,Флаги,&#127469;&#127474;
216,Флаги,&#127469;&#127475;
218,Флаги,&#127469;&#127479;
220,Флаги,&#127469;&#127481;
222,Флаги,&#127469;&#127482;
224,Флаги,&#127470;&#127464;
226,Флаги,&#127470;&#127465;
228,Флаги,&#127470;&#127466;
230,Флаги,&#127470;&#127473;
232,Флаги,&#127470;&#127474;
234,Флаги,&#127470;&#127475;
236,Флаги,&#127470;&#127476;
238,Флаги,&#127470;&#127478;
240,Флаги,&#127470;&#127479;
242,Флаги,&#127470;&#127480;
244,Флаги,&#127470;&#127481;
246,Флаги,&#127471;&#127466;
248,Флаги,&#127471;&#127474;
250,Флаги,&#127471;&#127476;
252,Флаги,&#127471;&#127477;
254,Флаги,&#127472;&#127466;
256,Флаги,&#127472;&#127468;
258,Флаги,&#127472;&#127469;
260,Флаги,&#127472;&#127470;
262,Флаги,&#127472;&#127474;
264,Флаги,&#127472;&#127475;
266,Флаги,&#127472;&#127477;
268,Флаги,&#127472;&#127479;
270,Флаги,&#127472;&#127484;
272,Флаги,&#127472;&#127486;
274,Флаги,&#127472;&#127487;
276,Флаги,&#127473;&#127462;
278,Флаги,&#127473;&#127463;
280,Флаги,&#127473;&#127464;
282,Флаги,&#127473;&#127470;
284,Флаги,&#127473;&#127472;
286,Флаги,&#127473;&#127479;
288,Флаги,&#127473;&#127480;
290,Флаги,&#127473;&#127481;
292,Флаги,&#127473;&#127482;
294,Флаги,&#127473;&#127483;
296,Флаги,&#127473;&#127486;
298,Флаги,&#127474;&#127462;
300,Флаги,&#127474;&#127464;
302,Флаги,&#127474;&#127465;
304,Флаги,&#127474;&#127466;
306,Флаги,&#127474;&#127467;
308,Флаги,&#127474;&#127468;
310,Флаги,&#127474;&#127469;
312,Флаги,&#127474;&#127472;
314,Флаги,&#127474;&#127473;
316,Флаги,&#127474;&#127474;
318,Флаги,&#127474;&#127475;
320,Флаги,&#127474;&#127476;
322,Флаги,&#127474;&#127477;
324,Флаги,&#127474;&#127478;
326,Флаги,&#127474;&#127479;
328,Флаги,&#127474;&#127480;
330,Флаги,&#127474;&#127481;
332,Флаги,&#127474;&#127482;
334,Флаги,&#127474;&#127483;
336,Флаги,&#127474;&#127484;
338,Флаги,&#127474;&#127485;
340,Флаги,&#127474;&#127486;
342,Флаги,&#127474;&#127487;
344,Флаги,&#127475;&#127462;
346,Флаги,&#127475;&#127464;
348,Флаги,&#127475;&#127466;
350,Флаги,&#127475;&#127467;
352,Флаги,&#127475;&#127468;
354,Флаги,&#127475;&#127470;
356,Флаги,&#127475;&#127473;
358,Флаги,&#127475;&#127476;
360,Флаги,&#127475;&#127477;
362,Флаги,&#127475;&#127479;
364,Флаги,&#127475;&#127482;
366,Флаги,&#127475;&#127487;
368,Флаги,&#127476;&#127474;
370,Флаги,&#127477;&#127462;
372,Флаги,&#127477;&#127466;
374,Флаги,&#127477;&#127467;
376,Флаги,&#127477;&#127468;
378,Флаги,&#127477;&#127469;
380,Флаги,&#127477;&#127472;
382,Флаги,&#127477;&#127473;
384,Флаги,&#127477;&#127474;
386,Флаги,&#127477;&#127475;
388,Флаги,&#127477;&#127479;
390,Флаги,&#127477;&#127480;
392,Флаги,&#127477;&#127481;
394,Флаги,&#127477;&#127484;
396,Флаги,&#127477;&#127486;
398,Флаги,&#127478;&#127462;
400,Флаги,&#127479;&#127466;
402,Флаги,&#127479;&#127476;
404,Флаги,&#127479;&#127480;
406,Флаги,&#127479;&#127482;
408,Флаги,&#127479;&#127484;
410,Флаги,&#127480;&#127462;
412,Флаги,&#127480;&#127463;
414,Флаги,&#127480;&#127464;
416,Флаги,&#127480;&#127465;
418,Флаги,&#127480;&#127466;
420,Флаги,&#127480;&#127468;
422,Флаги,&#127480;&#127469;
424,Флаги,&#127480;&#127470;
426,Флаги,&#127480;&#127471;
428,Флаги,&#127480;&#127472;
430,Флаги,&#127480;&#127473;
432,Флаги,&#127480;&#127474;
434,Флаги,&#127480;&#127475;
436,Флаги,&#127480;&#127476;
438,Флаги,&#127480;&#127479;
440,Флаги,&#127480;&#127480;
442,Флаги,&#127480;&#127481;
444,Флаги,&#127480;&#127483;
446,Флаги,&#127480;&#127485;
448,Флаги,&#127480;&#127486;
450,Флаги,&#127480;&#127487;
452,Флаги,&#127481;&#127462;
454,Флаги,&#127481;&#127464;
456,Флаги,&#127481;&#127465;
458,Флаги,&#127481;&#127467;
460,Флаги,&#127481;&#127468;
462,Флаги,&#127481;&#127469;
464,Флаги,&#127481;&#127471;
466,Флаги,&#127481;&#127472;
468,Флаги,&#127481;&#127473;
470,Флаги,&#127481;&#127474;
472,Флаги,&#127481;&#127475;
474,Флаги,&#127481;&#127476;
476,Флаги,&#127481;&#127479;
478,Флаги,&#127481;&#127481;
480,Флаги,&#127481;&#127483;
482,Флаги,&#127481;&#127484;
484,Флаги,&#127481;&#127487;
486,Флаги,&#127482;&#127462;
488,Флаги,&#127482;&#127468;
490,Флаги,&#127482;&#127474;
492,Флаги,&#127482;&#127475;
494,Флаги,&#127482;&#127480;
496,Флаги,&#127482;&#127486;
498,Флаги,&#127482;&#127487;
500,Флаги,&#127483;&#127462;
502,Флаги,&#127483;&#127464;
504,Флаги,&#127483;&#127466;
506,Флаги,&#127483;&#127468;
508,Флаги,&#127483;&#127470;
510,Флаги,&#127483;&#127475;
512,Флаги,&#127483;&#127482;
514,Флаги,&#127484;&#127467;
516,Флаги,&#127484;&#127480;
518,Флаги,&#127485;&#127472;
520,Флаги,&#127486;&#127466;
522,Флаги,&#127486;&#127481;
524,Флаги,&#127487;&#127462;
526,Флаги,&#127487;&#127474;
528,Флаги,&#127487;&#127484;
530,Флаги,&#127988;&#917607;&#917602;&#917605;&#917614;&#917607;&#917631;
532,Флаги,&#127988;&#917607;&#917602;&#917619;&#917603;&#917620;&#917631;
534,Флаги,&#127988;&#917607;&#917602;&#917623;&#917612;&#917619;&#917631;
